{"cameraMode":{"drawMode":0,"name":"Shaded","section":"Shading Mode"},"sceneLighting":true,"audioPlay":false,"sceneViewState":{"showFog":true,"showMaterialUpdate":false,"showSkybox":true,"showFlares":true,"showImageEffects":true,"showParticleSystems":true},"in2DMode":false,"pivot":{"x":4.850242614746094,"y":5.118520736694336,"z":-17.744434356689454},"rotation":{"x":0.054602719843387607,"y":0.2043582946062088,"z":-0.01141194999217987,"w":0.9773395657539368},"size":24.152320861816408,"orthographic":false}