{"cameraMode":{"drawMode":0,"name":"Shaded","section":"Shading Mode"},"sceneLighting":true,"audioPlay":false,"sceneViewState":{"showFog":true,"showMaterialUpdate":true,"showSkybox":true,"showFlares":true,"showImageEffects":true,"showParticleSystems":true},"in2DMode":false,"pivot":{"x":176.69717407226563,"y":-101.55268096923828,"z":-11.721359252929688},"rotation":{"x":0.1250813603401184,"y":0.47065314650535586,"z":-0.07647385448217392,"w":0.871100902557373},"size":159.14483642578126,"orthographic":false}