{"cameraMode":{"drawMode":0,"name":"Shaded","section":"Shading Mode"},"sceneLighting":true,"audioPlay":false,"sceneViewState":{"showFog":true,"showMaterialUpdate":false,"showSkybox":true,"showFlares":true,"showImageEffects":true,"showParticleSystems":true},"in2DMode":false,"pivot":{"x":242.15179443359376,"y":-55.12139129638672,"z":27.860870361328126},"rotation":{"x":0.13802053034305573,"y":0.6365269422531128,"z":-0.11922290921211243,"w":0.7500602602958679},"size":179.70904541015626,"orthographic":false}