{"cameraMode":{"drawMode":0,"name":"Shaded","section":"Shading Mode"},"sceneLighting":false,"audioPlay":false,"sceneViewState":{"showFog":true,"showMaterialUpdate":true,"showSkybox":true,"showFlares":true,"showImageEffects":true,"showParticleSystems":true},"in2DMode":false,"pivot":{"x":309.84228515625,"y":50.412628173828128,"z":243.7699737548828},"rotation":{"x":0.5155349969863892,"y":-0.0148260947316885,"z":-0.016813168302178384,"w":0.858171820640564},"size":36.833255767822269,"orthographic":false}