{"cameraMode":{"drawMode":0,"name":"Shaded","section":"Shading Mode"},"sceneLighting":true,"audioPlay":false,"sceneViewState":{"showFog":true,"showMaterialUpdate":false,"showSkybox":true,"showFlares":true,"showImageEffects":true,"showParticleSystems":true},"in2DMode":false,"pivot":{"x":-0.8410300612449646,"y":9.729703903198243,"z":-9.067667007446289},"rotation":{"x":-0.06830164045095444,"y":-0.7006611824035645,"z":0.06768988072872162,"w":-0.7069889307022095},"size":16.609758377075197,"orthographic":false}