{"cameraMode":{"drawMode":0,"name":"Shaded","section":"Shading Mode"},"sceneLighting":true,"audioPlay":false,"sceneViewState":{"showFog":true,"showMaterialUpdate":true,"showSkybox":true,"showFlares":true,"showImageEffects":true,"showParticleSystems":true},"in2DMode":false,"pivot":{"x":214.20938110351563,"y":16.877552032470704,"z":560.33203125},"rotation":{"x":-0.07801368832588196,"y":0.7075592875480652,"z":-0.056898389011621478,"w":-0.702397346496582},"size":197.80120849609376,"orthographic":false}