{"cameraMode":{"drawMode":0,"name":"Shaded","section":"Shading Mode"},"sceneLighting":true,"audioPlay":false,"sceneViewState":{"showFog":true,"showMaterialUpdate":false,"showSkybox":true,"showFlares":true,"showImageEffects":true,"showParticleSystems":true},"in2DMode":false,"pivot":{"x":16.723785400390626,"y":-16.153244018554689,"z":-34.334007263183597},"rotation":{"x":0.04470248147845268,"y":0.9534372091293335,"z":-0.2219552844762802,"w":0.20081980526447297},"size":63.627655029296878,"orthographic":false}