{"cameraMode":{"drawMode":0,"name":"Shaded","section":"Shading Mode"},"sceneLighting":true,"audioPlay":false,"sceneViewState":{"showFog":true,"showMaterialUpdate":false,"showSkybox":true,"showFlares":true,"showImageEffects":true,"showParticleSystems":true},"in2DMode":false,"pivot":{"x":-16.533679962158204,"y":-11.244997024536133,"z":-35.68389892578125},"rotation":{"x":0.1830640286207199,"y":-0.6802124381065369,"z":0.17829078435897828,"w":0.6875137090682983},"size":31.054101943969728,"orthographic":false}