{"cameraMode":{"drawMode":0,"name":"Shaded","section":"Shading Mode"},"sceneLighting":true,"audioPlay":false,"sceneViewState":{"showFog":true,"showMaterialUpdate":true,"showSkybox":true,"showFlares":true,"showImageEffects":true,"showParticleSystems":true},"in2DMode":false,"pivot":{"x":143.84707641601563,"y":-88.57890319824219,"z":60.41454315185547},"rotation":{"x":-0.20780906081199647,"y":-0.16259703040122987,"z":0.042102426290512088,"w":-0.9647712707519531},"size":35.93709182739258,"orthographic":false}