{"cameraMode":{"drawMode":0,"name":"Shaded","section":"Shading Mode"},"sceneLighting":true,"audioPlay":false,"sceneViewState":{"showFog":true,"showMaterialUpdate":true,"showSkybox":true,"showFlares":true,"showImageEffects":true,"showParticleSystems":true},"in2DMode":false,"pivot":{"x":163.6429443359375,"y":-44.38864517211914,"z":-15.13970947265625},"rotation":{"x":-0.01100627239793539,"y":-0.9309635758399963,"z":0.057264357805252078,"w":-0.3636722266674042},"size":145.04490661621095,"orthographic":false}