{"cameraMode":{"drawMode":0,"name":"Shaded","section":"Shading Mode"},"sceneLighting":true,"audioPlay":false,"sceneViewState":{"showFog":true,"showMaterialUpdate":true,"showSkybox":true,"showFlares":true,"showImageEffects":true,"showParticleSystems":true},"in2DMode":false,"pivot":{"x":112.71248626708985,"y":-60.654205322265628,"z":-21.508222579956056},"rotation":{"x":-0.07752161473035813,"y":0.8404201865196228,"z":-0.5272576808929443,"w":-0.1092960312962532},"size":137.88958740234376,"orthographic":false}