{"cameraMode":{"drawMode":0,"name":"Shaded","section":"Shading Mode"},"sceneLighting":true,"audioPlay":false,"sceneViewState":{"showFog":true,"showMaterialUpdate":false,"showSkybox":true,"showFlares":true,"showImageEffects":true,"showParticleSystems":true},"in2DMode":false,"pivot":{"x":90.84103393554688,"y":-17.787200927734376,"z":-26.39307975769043},"rotation":{"x":0.0013228843454271556,"y":0.9650598168373108,"z":-0.26380401849746706,"w":0.013051812537014485},"size":82.66378784179688,"orthographic":false}