{"cameraMode":{"drawMode":0,"name":"Shaded","section":"Shading Mode"},"sceneLighting":true,"audioPlay":false,"sceneViewState":{"showFog":true,"showMaterialUpdate":true,"showSkybox":true,"showFlares":true,"showImageEffects":true,"showParticleSystems":true},"in2DMode":false,"pivot":{"x":159.19435119628907,"y":-92.8010025024414,"z":-55.15692138671875},"rotation":{"x":-0.11287704110145569,"y":0.8173611164093018,"z":-0.14935432374477387,"w":-0.5470095872879028},"size":5.687122344970703,"orthographic":false}