{"cameraMode":{"drawMode":0,"name":"Shaded","section":"Shading Mode"},"sceneLighting":true,"audioPlay":false,"sceneViewState":{"showFog":true,"showMaterialUpdate":false,"showSkybox":true,"showFlares":true,"showImageEffects":true,"showParticleSystems":true},"in2DMode":false,"pivot":{"x":-6.931896209716797,"y":0.2550220489501953,"z":-30.454151153564454},"rotation":{"x":-0.15503159165382386,"y":0.671647310256958,"z":-0.1442861109972,"w":-0.710506021976471},"size":13.070089340209961,"orthographic":false}