{"cameraMode":{"drawMode":0,"name":"Shaded","section":"Shading Mode"},"sceneLighting":true,"audioPlay":false,"sceneViewState":{"showFog":true,"showMaterialUpdate":true,"showSkybox":true,"showFlares":true,"showImageEffects":true,"showParticleSystems":true},"in2DMode":false,"pivot":{"x":176.7476806640625,"y":-62.673118591308597,"z":-19.229576110839845},"rotation":{"x":-0.0454300194978714,"y":-0.4116757810115814,"z":0.03143993020057678,"w":-0.9109403491020203},"size":34.32727813720703,"orthographic":false}