{"cameraMode":{"drawMode":0,"name":"Shaded","section":"Shading Mode"},"sceneLighting":false,"audioPlay":false,"sceneViewState":{"showFog":true,"showMaterialUpdate":true,"showSkybox":true,"showFlares":true,"showImageEffects":true,"showParticleSystems":true},"in2DMode":false,"pivot":{"x":197.6591033935547,"y":-17.511474609375,"z":399.40203857421877},"rotation":{"x":-0.21929936110973359,"y":0.6879327297210693,"z":-0.2087281346321106,"w":-0.6620240211486816},"size":189.9840850830078,"orthographic":false}