{"cameraMode":{"drawMode":0,"name":"Shaded","section":"Shading Mode"},"sceneLighting":true,"audioPlay":false,"sceneViewState":{"showFog":true,"showMaterialUpdate":false,"showSkybox":true,"showFlares":true,"showImageEffects":true,"showParticleSystems":true},"in2DMode":false,"pivot":{"x":2.345486879348755,"y":-1.352806806564331,"z":-28.049299240112306},"rotation":{"x":-0.26686644554138186,"y":-0.03551385551691055,"z":0.011767201125621796,"w":-0.963354766368866},"size":13.146224021911621,"orthographic":false}