{"cameraMode":{"drawMode":0,"name":"Shaded","section":"Shading Mode"},"sceneLighting":true,"audioPlay":false,"sceneViewState":{"showFog":true,"showMaterialUpdate":true,"showSkybox":true,"showFlares":true,"showImageEffects":true,"showParticleSystems":true},"in2DMode":false,"pivot":{"x":134.62060546875,"y":-90.61239624023438,"z":-18.009201049804689},"rotation":{"x":0.0682782307267189,"y":-0.36574482917785647,"z":0.018497036769986154,"w":0.9290686249732971},"size":50.953792572021487,"orthographic":false}