{"cameraMode":{"drawMode":0,"name":"Shaded","section":"Shading Mode"},"sceneLighting":true,"audioPlay":false,"sceneViewState":{"showFog":true,"showMaterialUpdate":true,"showSkybox":true,"showFlares":true,"showImageEffects":true,"showParticleSystems":true},"in2DMode":false,"pivot":{"x":469.3592224121094,"y":366.84649658203127,"z":277.3115234375},"rotation":{"x":-0.012212511152029038,"y":-0.016870243474841119,"z":0.006908616982400417,"w":-1.000847339630127},"size":1146.3172607421875,"orthographic":false}