{"cameraMode":{"drawMode":0,"name":"Shaded","section":"Shading Mode"},"sceneLighting":true,"audioPlay":false,"sceneViewState":{"showFog":true,"showMaterialUpdate":true,"showSkybox":true,"showFlares":true,"showImageEffects":true,"showParticleSystems":true},"in2DMode":false,"pivot":{"x":326.301025390625,"y":46.4669075012207,"z":233.2139434814453},"rotation":{"x":0.040543101727962497,"y":0.4101422131061554,"z":-0.02895648032426834,"w":0.9119842052459717},"size":100.95191955566406,"orthographic":false}