{"cameraMode":{"drawMode":0,"name":"Shaded","section":"Shading Mode"},"sceneLighting":false,"audioPlay":false,"sceneViewState":{"showFog":true,"showMaterialUpdate":true,"showSkybox":true,"showFlares":true,"showImageEffects":true,"showParticleSystems":true},"in2DMode":false,"pivot":{"x":374.3731994628906,"y":67.79276275634766,"z":237.86737060546876},"rotation":{"x":0.21326392889022828,"y":0.4771823585033417,"z":-0.1347152292728424,"w":0.8435669541358948},"size":107.24205780029297,"orthographic":false}