{"cameraMode":{"drawMode":0,"name":"Shaded","section":"Shading Mode"},"sceneLighting":true,"audioPlay":false,"sceneViewState":{"showFog":true,"showMaterialUpdate":true,"showSkybox":true,"showFlares":true,"showImageEffects":true,"showParticleSystems":true},"in2DMode":false,"pivot":{"x":161.38946533203126,"y":-84.35643005371094,"z":-52.24818420410156},"rotation":{"x":-0.032868072390556338,"y":-0.9548711180686951,"z":0.1723211705684662,"w":-0.24453647434711457},"size":1.7638826370239258,"orthographic":false}