{"cameraMode":{"drawMode":0,"name":"Shaded","section":"Shading Mode"},"sceneLighting":true,"audioPlay":false,"sceneViewState":{"showFog":true,"showMaterialUpdate":true,"showSkybox":true,"showFlares":true,"showImageEffects":true,"showParticleSystems":true},"in2DMode":false,"pivot":{"x":18.423139572143556,"y":2.0826969146728517,"z":-37.37615203857422},"rotation":{"x":-0.22046661376953126,"y":-0.2701784670352936,"z":0.07414409518241883,"w":-0.9354172945022583},"size":73.6083984375,"orthographic":false}