{"cameraMode":{"drawMode":0,"name":"Shaded","section":"Shading Mode"},"sceneLighting":false,"audioPlay":false,"sceneViewState":{"showFog":true,"showMaterialUpdate":true,"showSkybox":true,"showFlares":true,"showImageEffects":true,"showParticleSystems":true},"in2DMode":false,"pivot":{"x":318.7472229003906,"y":121.457763671875,"z":320.20159912109377},"rotation":{"x":0.07446756213903427,"y":-0.9409340023994446,"z":0.25782275199890139,"w":0.21427273750305177},"size":216.77455139160157,"orthographic":false}